Review #,Review,Explicit,Implicit
1,grabi pangalawa ko ng order sa shapee pero puro dismayado ako ang pangit ng tila subrang nipis mabilis ma punit at ang laki ng size niya alam niyo shopee mapapamura ako sa kagaguhan niyo nag speak ako na magan ang item niyo tapos ito mali pa ang pag butas,"'grabi' (O - ), 'pangalawa' (O - ), 'ko' (O - ), 'ng' (O - ), 'order' (O - ), 'sa' (O - ), 'shapee' (O - ), 'pero' (O - ), 'puro' (O - ), 'dismayado' (O - ), 'ako' (O - ), 'ang' (O - ), 'pangit' (B - PRO#MAT), 'ng' (I - PRO#MAT), 'tila' (I - PRO#MAT), 'subrang' (B - PRO#MAT), 'nipis' (I - PRO#MAT), 'mabilis' (B - PRO#DUR), 'ma' (I - PRO#DUR), 'punit' (I - PRO#DUR), 'at' (O - ), 'ang' (O - ), 'laki' (B - PRO#SIZE), 'ng' (I - PRO#SIZE), 'size' (I - PRO#SIZE), 'niya' (O - ), 'alam' (O - ), 'niyo' (O - ), 'shopee' (O - ), 'mapapamura' (O - ), 'ako' (O - ), 'sa' (O - ), 'kagaguhan' (O - ), 'niyo' (O - ), 'nag' (O - ), 'speak' (O - ), 'ako' (O - ), 'na' (O - ), 'magan' (B - PRO#GEN), 'ang' (I - PRO#GEN), 'item' (I - PRO#GEN), 'niyo' (O - ), 'tapos' (O - ), 'ito' (O - ), 'mali' (B - PRO#CORR), 'pa' (I - PRO#CORR), 'ang' (I - PRO#CORR), 'pag' (I - PRO#CORR), 'butas' (I - PRO#CORR)",
2,walang silbing product bwesit di gumagana dalawa pa,"'walang' (B - PRO#GEN), 'silbing' (I - PRO#GEN), 'product' (I - PRO#GEN), 'bwesit' (O - ), 'di' (O - ), 'gumagana' (O - ), 'dalawa' (O - ), 'pa' (O - )","'di' (PRO#FUNC), 'gumagana' (PRO#FUNC)"
3,d po maganda naman po yung neck fan pero po napaka tagal po sya dumating dec9 po dec 23 napo sya dumating chaka po pink po inorder ko bakit po white yung dumating pero konti lang po yung hangin thank you po driver at seller,"'d' (O - ), 'po' (O - ), 'maganda' (B - PRO#GEN), 'naman' (I - PRO#GEN), 'po' (I - PRO#GEN), 'yung' (I - PRO#GEN), 'neck' (I - PRO#GEN), 'fan' (I - PRO#GEN), 'pero' (O - ), 'po' (O - ), 'napaka' (B - DEL#TIME), 'tagal' (I - DEL#TIME), 'po' (I - DEL#TIME), 'sya' (I - DEL#TIME), 'dumating' (I - DEL#TIME), '46000' (O - ), 'po' (O - ), 'dec' (B - DEL#TIME), '23' (I - DEL#TIME), 'napo' (I - DEL#TIME), 'sya' (I - DEL#TIME), 'dumating' (I - DEL#TIME), 'chaka' (O - ), 'po' (O - ), 'pink' (O - ), 'po' (O - ), 'inorder' (O - ), 'ko' (O - ), 'bakit' (O - ), 'po' (O - ), 'white' (O - ), 'yung' (O - ), 'dumating' (O - ), 'pero' (O - ), 'konti' (O - ), 'lang' (O - ), 'po' (O - ), 'yung' (O - ), 'hangin' (O - ), 'thank' (O - ), 'you' (O - ), 'po' (O - ), 'driver' (O - ), 'at' (O - ), 'seller' (O - )","'pink' (DEL#CORR), 'po' (DEL#CORR), 'inorder' (DEL#CORR), 'ko' (DEL#CORR), 'bakit' (DEL#CORR), 'po' (DEL#CORR), 'white' (DEL#CORR), 'yung' (DEL#CORR), 'dumating' (DEL#CORR), 'konti' (PRO#EFF), 'lang' (PRO#EFF), 'po' (PRO#EFF), 'yung' (PRO#EFF), 'hangin' (PRO#EFF)"
4,010 sa effectiveness po nya 010 dahil kakalagay ko lang then wala man lang ilang kalahating minuto uminom lang ako wala na agad ung kulay sa lips ko kala ko nag sstay sya ng matagal kahit nga punasan mo pa ng wipes pero hindi man pla scam lang po,"'10' (B - PRO#EFF), 'sa' (I - PRO#EFF), 'effectiveness' (I - PRO#EFF), 'po' (I - PRO#EFF), 'nya' (I - PRO#EFF), '10' (O - ), 'dahil' (O - ), 'kakalagay' (O - ), 'ko' (O - ), 'lang' (O - ), 'then' (O - ), 'wala' (O - ), 'man' (O - ), 'lang' (O - ), 'ilang' (O - ), 'kalahating' (O - ), 'minuto' (O - ), 'uminom' (O - ), 'lang' (O - ), 'ako' (O - ), 'wala' (O - ), 'na' (O - ), 'agad' (O - ), 'ung' (O - ), 'kulay' (O - ), 'sa' (O - ), 'lips' (O - ), 'ko' (O - ), 'kala' (B - PRO#EFF), 'ko' (I - PRO#EFF), 'nag' (I - PRO#EFF), 'sstay' (I - PRO#EFF), 'sya' (I - PRO#EFF), 'ng' (I - PRO#EFF), 'matagal' (I - PRO#EFF), 'kahit' (I - PRO#EFF), 'nga' (I - PRO#EFF), 'punasan' (I - PRO#EFF), 'mo' (I - PRO#EFF), 'pa' (I - PRO#EFF), 'ng' (I - PRO#EFF), 'wipes' (I - PRO#EFF), 'pero' (I - PRO#EFF), 'hindi' (I - PRO#EFF), 'man' (I - PRO#EFF), 'pla' (I - PRO#EFF), 'scam' (O - ), 'lang' (O - ), 'po' (O - )","'kakalagay' (PRO#EFF), 'ko' (PRO#EFF), 'lang' (PRO#EFF), 'then' (PRO#EFF), 'wala' (PRO#EFF), 'man' (PRO#EFF), 'lang' (PRO#EFF), 'ilang' (PRO#EFF), 'kalahating' (PRO#EFF), 'minuto' (PRO#EFF), 'uminom' (PRO#EFF), 'lang' (PRO#EFF), 'ako' (PRO#EFF), 'wala' (PRO#EFF), 'na' (PRO#EFF), 'agad' (PRO#EFF), 'ung' (PRO#EFF), 'kulay' (PRO#EFF), 'sa' (PRO#EFF), 'lips' (PRO#EFF), 'scam' (SER#TRU), 'lang' (SER#TRU), 'po' (SER#TRU)"
4,010 sa effectiveness po nya 010 dahil kakalagay ko lang then wala man lang ilang kalahating minuto uminom lang ako wala na agad ung kulay sa lips ko kala ko nag sstay sya ng matagal kahit nga punasan mo pa ng wipes pero hindi man pla scam lang po,"'10' (B - PRO#EFF), 'sa' (I - PRO#EFF), 'effectiveness' (I - PRO#EFF), 'po' (I - PRO#EFF), 'nya' (I - PRO#EFF), '10' (O - ), 'dahil' (O - ), 'kakalagay' (O - ), 'ko' (O - ), 'lang' (O - ), 'then' (O - ), 'wala' (O - ), 'man' (O - ), 'lang' (O - ), 'ilang' (O - ), 'kalahating' (O - ), 'minuto' (O - ), 'uminom' (O - ), 'lang' (O - ), 'ako' (O - ), 'wala' (O - ), 'na' (O - ), 'agad' (O - ), 'ung' (O - ), 'kulay' (O - ), 'sa' (O - ), 'lips' (O - ), 'ko' (O - ), 'kala' (B - PRO#EFF), 'ko' (I - PRO#EFF), 'nag' (I - PRO#EFF), 'sstay' (I - PRO#EFF), 'sya' (I - PRO#EFF), 'ng' (I - PRO#EFF), 'matagal' (I - PRO#EFF), 'kahit' (I - PRO#EFF), 'nga' (I - PRO#EFF), 'punasan' (I - PRO#EFF), 'mo' (I - PRO#EFF), 'pa' (I - PRO#EFF), 'ng' (I - PRO#EFF), 'wipes' (I - PRO#EFF), 'pero' (I - PRO#EFF), 'hindi' (I - PRO#EFF), 'man' (I - PRO#EFF), 'pla' (I - PRO#EFF), 'scam' (O - ), 'lang' (O - ), 'po' (O - )","'kakalagay' (PRO#EFF), 'ko' (PRO#EFF), 'lang' (PRO#EFF), 'then' (PRO#EFF), 'wala' (PRO#EFF), 'man' (PRO#EFF), 'lang' (PRO#EFF), 'ilang' (PRO#EFF), 'kalahating' (PRO#EFF), 'minuto' (PRO#EFF), 'uminom' (PRO#EFF), 'lang' (PRO#EFF), 'ako' (PRO#EFF), 'wala' (PRO#EFF), 'na' (PRO#EFF), 'agad' (PRO#EFF), 'ung' (PRO#EFF), 'kulay' (PRO#EFF), 'sa' (PRO#EFF), 'lips' (PRO#EFF), 'scam' (SER#TRU), 'lang' (SER#TRU), 'po' (SER#TRU)"
5,maganda dn same sa picture maganda sya medyo maliit nga lang sya,"'maganda' (O - ), 'dn' (O - ), 'same' (O - ), 'sa' (O - ), 'picture' (O - ), 'maganda' (O - ), 'sya' (O - ), 'medyo' (O - ), 'maliit' (O - ), 'nga' (O - ), 'lang' (O - ), 'sya' (O - )","'same' (PRO#CORR), 'sa' (PRO#CORR), 'picture' (PRO#CORR), 'medyo' (PRO#SIZE), 'maliit' (PRO#SIZE)"
6,not worth it ang bilis nya malowbat and ang tagal nya pang icharge,"'not' (B - PRI#VOM), 'worth' (I - PRI#VOM), 'it' (I - PRI#VOM), 'ang' (O - ), 'bilis' (B - PRO#DUR), 'nya' (I - PRO#DUR), 'malowbat' (I - PRO#DUR), 'and' (O - ), 'ang' (O - ), 'tagal' (B - PRO#FUNC), 'nya' (I - PRO#FUNC), 'pang' (I - PRO#FUNC), 'icharge' (I - PRO#FUNC)",
7,mahirap buksan yung payong need mo pa itulak sana na check man lang bago ipadala,"'mahirap' (B - PRO#FUNC), 'buksan' (I - PRO#FUNC), 'yung' (I - PRO#FUNC), 'payong' (I - PRO#FUNC), 'need' (O - ), 'mo' (O - ), 'pa' (O - ), 'itulak' (O - ), 'sana' (B - SER#HAND), 'na' (I - SER#HAND), 'check' (I - SER#HAND), 'man' (I - SER#HAND), 'lang' (I - SER#HAND), 'bago' (I - SER#HAND), 'ipadala' (I - SER#HAND)","'need' (PRO#FUNC), 'mo' (PRO#FUNC), 'pa' (PRO#FUNC), 'itulak' (PRO#FUNC)"
8,wrong color  design sana kung di na available yung black mag message namn kayo if ano available desisyon yarrrnnn kakainis ganitong seller,"'wrong' (O - ), 'color' (O - ), 'design' (O - ), 'sana' (O - ), 'kung' (O - ), 'di' (O - ), 'na' (O - ), 'available' (O - ), 'yung' (O - ), 'black' (O - ), 'mag' (O - ), 'message' (O - ), 'namn' (O - ), 'kayo' (O - ), 'if' (O - ), 'ano' (O - ), 'available' (O - ), 'desisyon' (O - ), 'yarrrnnn' (O - ), 'kakainis' (O - ), 'ganitong' (O - ), 'seller' (O - )","'wrong' (DEL#CORR), 'color' (DEL#CORR), 'design' (DEL#CORR), 'sana' (SER#RES), 'kung' (SER#RES), 'di' (SER#RES), 'na' (SER#RES), 'available' (SER#RES), 'yung' (SER#RES), 'black' (SER#RES), 'mag' (SER#RES), 'message' (SER#RES), 'namn' (SER#RES), 'kayo' (SER#RES), 'if' (SER#RES), 'ano' (SER#RES), 'available' (SER#RES)"
9,ayaw gumana ng remote control my dent ung product na pinadala ni seller sana bago ipa ship check muna mabuti ni seller ung item na ipapadala para hnd nakaka disappoint sa client pag na recieve ung item,"'ayaw' (B - PRO#FUNC), 'gumana' (I - PRO#FUNC), 'ng' (I - PRO#FUNC), 'remote' (I - PRO#FUNC), 'control' (I - PRO#FUNC), 'my' (B - PRO#COND), 'dent' (I - PRO#COND), 'ung' (I - PRO#COND), 'product' (I - PRO#COND), 'na' (O - ), 'pinadala' (O - ), 'ni' (O - ), 'seller' (O - ), 'sana' (B - SER#HAND), 'bago' (I - SER#HAND), 'ipa' (I - SER#HAND), 'ship' (I - SER#HAND), 'check' (I - SER#HAND), 'muna' (I - SER#HAND), 'mabuti' (I - SER#HAND), 'ni' (I - SER#HAND), 'seller' (I - SER#HAND), 'ung' (I - SER#HAND), 'item' (I - SER#HAND), 'na' (O - ), 'ipapadala' (O - ), 'para' (O - ), 'hnd' (O - ), 'nakaka' (O - ), 'disappoint' (O - ), 'sa' (O - ), 'client' (O - ), 'pag' (O - ), 'na' (O - ), 'recieve' (O - ), 'ung' (O - ), 'item' (O - )",
10,excited ako sa order ko kasi matagal ko na gusto bumili ng mga mystery item so dahil 66 weve decided to order 5 mystery pouch expect ko 5 packs ang makukuha ko akala ko may sari sariling balot yun pala 5 products na sya sa iisang pouch,"'excited' (O - ), 'ako' (O - ), 'sa' (O - ), 'order' (O - ), 'ko' (O - ), 'kasi' (O - ), 'matagal' (O - ), 'ko' (O - ), 'na' (O - ), 'gusto' (O - ), 'bumili' (O - ), 'ng' (O - ), 'mga' (O - ), 'mystery' (O - ), 'item' (O - ), 'so' (O - ), 'dahil' (O - ), '66' (O - ), 'weve' (O - ), 'decided' (O - ), 'to' (O - ), 'order' (O - ), '5' (O - ), 'mystery' (O - ), 'pouch' (O - ), 'expect' (O - ), 'ko' (O - ), '5' (O - ), 'packs' (O - ), 'ang' (O - ), 'makukuha' (O - ), 'ko' (O - ), 'akala' (O - ), 'ko' (O - ), 'may' (O - ), 'sari' (O - ), 'sariling' (O - ), 'balot' (O - ), 'yun' (O - ), 'pala' (O - ), '5' (O - ), 'products' (O - ), 'na' (O - ), 'sya' (O - ), 'sa' (O - ), 'iisang' (O - ), 'pouch' (O - )","'akala' (PRO#COND), 'ko' (PRO#COND), 'may' (PRO#COND), 'sari' (PRO#COND), 'sariling' (PRO#COND), 'balot' (PRO#COND), 'yun' (PRO#COND), 'pala' (PRO#COND), '5' (PRO#COND), 'products' (PRO#COND), 'na' (PRO#COND), 'sya' (PRO#COND), 'sa' (PRO#COND), 'iisang' (PRO#COND), 'pouch' (PRO#COND)"
11,wrong color po yung dumating tapos yung green natanggal yung cover niya,"'wrong' (B - DEL#CORR), 'color' (I - DEL#CORR), 'po' (I - DEL#CORR), 'yung' (I - DEL#CORR), 'dumating' (I - DEL#CORR), 'tapos' (O - ), 'yung' (O - ), 'green' (O - ), 'natanggal' (O - ), 'yung' (O - ), 'cover' (O - ), 'niya' (O - )","'yung' (PRO#COND), 'green' (PRO#COND), 'natanggal' (PRO#COND), 'yung' (PRO#COND), 'cover' (PRO#COND)"
12,510 ang mahal ng payong nd nmn ganun ka quality sira pa sabi ko seller if ayaw bilik pera ko change items nd na nag reply,"'510' (O - ), 'ang' (B - PRI#AFF), 'mahal' (I - PRI#AFF), 'ng' (I - PRI#AFF), 'payong' (I - PRI#AFF), 'nd' (O - ), 'nmn' (O - ), 'ganun' (O - ), 'ka' (O - ), 'quality' (O - ), 'sira' (O - ), 'pa' (O - ), 'sabi' (B - SER#RES), 'ko' (I - SER#RES), 'seller' (I - SER#RES), 'if' (I - SER#RES), 'ayaw' (I - SER#RES), 'bilik' (I - SER#RES), 'pera' (I - SER#RES), 'ko' (I - SER#RES), 'change' (I - SER#RES), 'items' (I - SER#RES), 'nd' (I - SER#RES), 'na' (I - SER#HAND), 'nag' (I - SER#HAND), 'reply' (I - SER#HAND)","'nd' (PRO#GEN), 'nmn' (PRO#GEN), 'ganun' (PRO#GEN), 'ka' (PRO#GEN), 'quality' (PRO#GEN), 'sira' (PRO#COND)"
13,close to ok lang i contacted the seller and they admitted that they intentionaly sent the wrong color without informing me the problem is i ordered it as gift for a man so purple is not really ok and both bottles have scratches doesnt look new for me,"'close' (O - ), 'to' (O - ), 'ok' (O - ), 'lang' (O - ), 'i' (B - SER#TRU), 'contacted' (I - SER#TRU), 'the' (I - SER#TRU), 'seller' (I - SER#TRU), 'and' (I - SER#TRU), 'they' (I - SER#TRU), 'admitted' (I - SER#TRU), 'that' (I - SER#TRU), 'they' (I - SER#TRU), 'intentionaly' (I - SER#TRU), 'sent' (I - SER#TRU), 'the' (I - SER#TRU), 'wrong' (I - SER#TRU), 'color' (I - SER#TRU), 'without' (I - SER#TRU), 'informing' (I - SER#TRU), 'me' (I - SER#TRU), 'the' (O - ), 'problem' (O - ), 'is' (O - ), 'i' (O - ), 'ordered' (O - ), 'it' (O - ), 'as' (O - ), 'gift' (O - ), 'for' (O - ), 'a' (O - ), 'man' (O - ), 'so' (O - ), 'purple' (O - ), 'is' (O - ), 'not' (O - ), 'really' (O - ), 'ok' (O - ), 'and' (O - ), 'both' (B - PRO#COND), 'bottles' (I - PRO#COND), 'have' (I - PRO#COND), 'scratches' (I - PRO#COND), 'doesnt' (O - ), 'look' (O - ), 'new' (O - ), 'for' (O - ), 'me' (O - )","'i' (DEL#CORR), 'ordered' (DEL#CORR), 'it' (DEL#CORR), 'as' (DEL#CORR), 'gift' (DEL#CORR), 'for' (DEL#CORR), 'a' (DEL#CORR), 'man' (DEL#CORR), 'so' (DEL#CORR), 'purple' (DEL#CORR), 'is' (DEL#CORR), 'not' (DEL#CORR), 'really' (DEL#CORR), 'ok' (DEL#CORR), 'doesnt' (PRO#GEN), 'look' (PRO#GEN), 'new' (PRO#GEN), 'for' (PRO#GEN), 'me' (PRO#GEN)"
14,ang pangit ng item sorry ahhh n ung size kala mo pang bata,"'ang' (B - PRO#GEN), 'pangit' (I - PRO#GEN), 'ng' (I - PRO#GEN), 'item' (I - PRO#GEN), 'sorry' (O - ), 'ahhh' (O - ), 'n' (O - ), 'ung' (O - ), 'size' (O - ), 'kala' (O - ), 'mo' (O - ), 'pang' (O - ), 'bata' (O - )","'ung' (PRO#SIZE), 'size' (PRO#SIZE), 'kala' (PRO#SIZE), 'mo' (PRO#SIZE), 'pang' (PRO#SIZE), 'bata' (PRO#SIZE)"
15,010 d maganda yung product matqgal matuyo kumakalat sa mata hindi water proof,"'10' (B - PRO#GEN), 'd' (I - PRO#GEN), 'maganda' (I - PRO#GEN), 'yung' (I - PRO#GEN), 'product' (I - PRO#GEN), 'matqgal' (O - ), 'matuyo' (O - ), 'kumakalat' (O - ), 'sa' (O - ), 'mata' (O - ), 'hindi' (O - ), 'water' (O - ), 'proof' (O - )","'matqgal' (PRO#EFF), 'matuyo' (PRO#EFF), 'kumakalat' (PRO#EFF), 'sa' (PRO#EFF), 'mata' (PRO#EFF), 'hindi' (PRO#FUNC), 'water' (PRO#FUNC), 'proof' (PRO#FUNC)"
16,good quality product ok naman ung order mabilis dumating well pack din kaso orde ko lima tapos isa lang ang dumating ok lang kasi nakarefund ako try ko ulit umorder sa kanila baka kasi nalito lang si seller at magpapasko madaming order,"'good' (B - PRO#GEN), 'quality' (I - PRO#GEN), 'product' (I - PRO#GEN), 'ok' (O - ), 'naman' (O - ), 'ung' (B - DEL#TIME), 'order' (I - DEL#TIME), 'mabilis' (I - DEL#TIME), 'dumating' (I - DEL#TIME), 'well' (I - DEL#TIME), 'pack' (I - DEL#TIME), 'din' (O - ), 'kaso' (O - ), 'orde' (O - ), 'ko' (O - ), 'lima' (O - ), 'tapos' (O - ), 'isa' (O - ), 'lang' (O - ), 'ang' (O - ), 'dumating' (O - ), 'ok' (O - ), 'lang' (O - ), 'kasi' (O - ), 'nakarefund' (O - ), 'ako' (O - ), 'try' (O - ), 'ko' (O - ), 'ulit' (O - ), 'umorder' (O - ), 'sa' (O - ), 'kanila' (O - ), 'baka' (O - ), 'kasi' (O - ), 'nalito' (B - SER#GEN), 'lang' (I - SER#GEN), 'si' (I - SER#GEN), 'seller' (I - SER#GEN), 'at' (O - ), 'magpapasko' (O - ), 'madaming' (O - ), 'order' (O - )","'well' (SER#HAND), 'pack' (SER#HAND), 'orde' (DEL#CORR), 'ko' (DEL#CORR), 'lima' (DEL#CORR), 'tapos' (DEL#CORR), 'isa' (DEL#CORR), 'lang' (DEL#CORR), 'ang' (DEL#CORR), 'dumating' (DEL#CORR), 'nakarefund' (SER#RES), 'ako' (SER#RES)"
17,sigundo ko lng sya nagamit bago yung battery nilagay ko pero pahinto hinto syahindi na ako bibilin ng ganyan much better nag ahit nalang sana ulit ako,"'sigundo' (B - PRO#DUR), 'ko' (I - PRO#DUR), 'lng' (I - PRO#DUR), 'sya' (I - PRO#DUR), 'nagamit' (I - PRO#DUR), 'bago' (B - PRO#FUNC), 'yung' (I - PRO#FUNC), 'battery' (I - PRO#FUNC), 'nilagay' (I - PRO#FUNC), 'ko' (I - PRO#FUNC), 'pero' (I - PRO#FUNC), 'pahinto' (I - PRO#FUNC), 'hinto' (I - PRO#FUNC), 'syahindi' (O - ), 'na' (O - ), 'ako' (O - ), 'bibilin' (O - ), 'ng' (O - ), 'ganyan' (O - ), 'much' (O - ), 'better' (O - ), 'nag' (O - ), 'ahit' (O - ), 'nalang' (O - ), 'sana' (O - ), 'ulit' (O - ), 'ako' (O - )",
18,madikit naman kaso di pantay pantay yung cut di pantay pantay yung cut sa 1st 2 lines di pantay yun yung galing sa shop na to while sa 3rd lines sa ibang shopping app ko na binili di pantay pantay yung cut,"'madikit' (O - ), 'naman' (O - ), 'kaso' (O - ), 'di' (O - ), 'pantay' (O - ), 'pantay' (O - ), 'yung' (O - ), 'cut' (O - ), 'di' (O - ), 'pantay' (O - ), 'pantay' (O - ), 'yung' (O - ), 'cut' (O - ), 'sa' (O - ), '1st' (O - ), '2' (O - ), 'lines' (O - ), 'di' (O - ), 'pantay' (O - ), 'yun' (O - ), 'yung' (O - ), 'galing' (O - ), 'sa' (O - ), 'shop' (O - ), 'na' (O - ), 'to' (O - ), 'while' (O - ), 'sa' (O - ), '3rd' (O - ), 'lines' (O - ), 'sa' (O - ), 'ibang' (O - ), 'shopping' (O - ), 'app' (O - ), 'ko' (O - ), 'na' (O - ), 'binili' (O - ), 'di' (O - ), 'pantay' (O - ), 'pantay' (O - ), 'yung' (O - ), 'cut' (O - )","'madikit' (PRO#EFF), 'di' (PRO#CORR), 'pantay' (PRO#CORR), 'pantay' (PRO#CORR), 'yung' (PRO#CORR), 'cut' (PRO#CORR), 'di' (PRO#CORR), 'pantay' (PRO#CORR), 'pantay' (PRO#CORR), 'yung' (PRO#CORR), 'cut' (PRO#CORR)"
19,mali po ata yung na bigay ni seller were expecting na ma received yung parang gradient na water bottle pero iba po yung na received namin but okay lang anjan na yan eh,"'mali' (B - SER#HAND), 'po' (I - SER#HAND), 'ata' (I - SER#HAND), 'yung' (I - SER#HAND), 'na' (I - SER#HAND), 'bigay' (I - SER#HAND), 'ni' (I - SER#HAND), 'seller' (I - SER#HAND), 'were' (B - DEL#CORR), 'expecting' (I - DEL#CORR), 'na' (I - DEL#CORR), 'ma' (I - DEL#CORR), 'received' (I - DEL#CORR), 'yung' (I - DEL#CORR), 'parang' (I - DEL#CORR), 'gradient' (I - DEL#CORR), 'na' (I - DEL#CORR), 'water' (I - DEL#CORR), 'bottle' (I - DEL#CORR), 'pero' (I - DEL#CORR), 'iba' (I - DEL#CORR), 'po' (I - DEL#CORR), 'yung' (I - DEL#CORR), 'na' (I - DEL#CORR), 'received' (I - DEL#CORR), 'namin' (O - ), 'but' (O - ), 'okay' (O - ), 'lang' (O - ), 'anjan' (O - ), 'na' (O - ), 'yan' (O - ), 'eh' (O - )",
20,hindi black yung eyeliner na dumating pwro black yakaga inorder ko,"'hindi' (B - DEL#CORR), 'black' (I - DEL#CORR), 'yung' (I - DEL#CORR), 'eyeliner' (I - DEL#CORR), 'na' (I - DEL#CORR), 'dumating' (I - DEL#CORR), 'pwro' (O - ), 'black' (O - ), 'yakaga' (O - ), 'inorder' (O - ), 'ko' (O - )",
21,di nasunod yung ibang color na inorder ko pero oks lng good quality nmn,"'di' (O - ), 'nasunod' (O - ), 'yung' (O - ), 'ibang' (O - ), 'color' (O - ), 'na' (O - ), 'inorder' (O - ), 'ko' (O - ), 'pero' (O - ), 'oks' (O - ), 'lng' (O - ), 'good' (O - ), 'quality' (O - ), 'nmn' (O - )","'di' (DEL#CORR), 'nasunod' (DEL#CORR), 'yung' (DEL#CORR), 'ibang' (DEL#CORR), 'color' (DEL#CORR), 'na' (DEL#CORR), 'inorder' (DEL#CORR), 'ko' (DEL#CORR), 'good' (PRO#GEN), 'quality' (PRO#GEN)"
22,nung pagkabukas ko package yung keyboard is nakabukaka slightly open kala ko sira na fast delivery naman,"'nung' (B - PRO#COND), 'pagkabukas' (I - PRO#COND), 'ko' (I - PRO#COND), 'package' (I - PRO#COND), 'yung' (I - PRO#COND), 'keyboard' (I - PRO#COND), 'is' (I - PRO#COND), 'nakabukaka' (I - PRO#COND), 'slightly' (I - PRO#COND), 'open' (I - PRO#COND), 'kala' (O - ), 'ko' (O - ), 'sira' (O - ), 'na' (O - ), 'fast' (B - DEL#TIME), 'delivery' (I - DEL#TIME), 'naman' (I - DEL#TIME)",
23,ang dali ra masira oy at first madali gamitin ngayon ay di na nakakaputol ng hair na sstuck na sya yun lang thanks,"'ang' (O - ), 'dali' (O - ), 'ra' (O - ), 'masira' (O - ), 'oy' (O - ), 'at' (O - ), 'first' (O - ), 'madali' (O - ), 'gamitin' (O - ), 'ngayon' (O - ), 'ay' (O - ), 'di' (O - ), 'na' (O - ), 'nakakaputol' (O - ), 'ng' (O - ), 'hair' (O - ), 'na' (B - PRO#FUNC), 'sstuck' (I - PRO#FUNC), 'na' (I - PRO#FUNC), 'sya' (I - PRO#FUNC), 'yun' (O - ), 'lang' (O - ), 'thanks' (O - )","'ang' (PRO#DUR), 'dali' (PRO#DUR), 'ra' (PRO#DUR), 'at' (PRO#FUNC), 'first' (PRO#FUNC), 'madali' (PRO#FUNC), 'gamitin' (PRO#FUNC), 'di' (PRO#EFF), 'na' (PRO#EFF), 'nakakaputol' (PRO#EFF), 'ng' (PRO#EFF), 'hair' (PRO#EFF)"
24,wala seller service is excellent delivery was immidiate the product itself is poor very very weak airflow almost cant feel it hindi man lang ma ihip yung buhok ng aso,"'wala' (O - ), 'seller' (B - SER#GEN), 'service' (I - SER#GEN), 'is' (I - SER#GEN), 'excellent' (I - SER#GEN), 'delivery' (B - DEL#TIME), 'was' (I - DEL#TIME), 'immidiate' (I - DEL#TIME), 'the' (O - ), 'product' (B - PRO#GEN), 'itself' (I - PRO#GEN), 'is' (I - PRO#GEN), 'poor' (I - PRO#GEN), 'very' (O - ), 'very' (O - ), 'weak' (O - ), 'airflow' (O - ), 'almost' (O - ), 'cant' (O - ), 'feel' (O - ), 'it' (O - ), 'hindi' (O - ), 'man' (O - ), 'lang' (O - ), 'ma' (O - ), 'ihip' (O - ), 'yung' (O - ), 'buhok' (O - ), 'ng' (O - ), 'aso' (O - )","'very' (PRO#EFF), 'weak' (PRO#EFF), 'airflow' (PRO#EFF), 'almost' (PRO#EFF), 'cant' (PRO#EFF), 'feel' (PRO#EFF), 'it' (PRO#EFF), 'hindi' (PRO#EFF), 'man' (PRO#EFF), 'lang' (PRO#EFF), 'ma' (PRO#EFF), 'ihip' (PRO#EFF), 'yung' (PRO#EFF), 'buhok' (PRO#EFF), 'ng' (PRO#EFF), 'aso' (PRO#EFF)"
25,change feedback mag isa syang nag aactivate nang timer kagabi parang sira,"'change' (O - ), 'feedback' (O - ), 'mag' (B - PRO#FUNC), 'isa' (I - PRO#FUNC), 'syang' (I - PRO#FUNC), 'nag' (I - PRO#FUNC), 'aactivate' (I - PRO#FUNC), 'nang' (I - PRO#FUNC), 'timer' (I - PRO#FUNC), 'kagabi' (I - PRO#FUNC), 'parang' (I - PRO#FUNC), 'sira' (I - PRO#FUNC)",
26,dalawa yung binili ko isa sakin tsaka sa friend ko first of all kaunti lang yung laman nung isa habang medyo mas lamang yung sa isa about sa color maroon yung sa tingin kong dapat maging kakalabasan niya pero violet yung kulay niya kapag nilagay na sa labi also kulang,"'dalawa' (O - ), 'yung' (O - ), 'binili' (O - ), 'ko' (O - ), 'isa' (O - ), 'sakin' (O - ), 'tsaka' (O - ), 'sa' (O - ), 'friend' (O - ), 'ko' (O - ), 'first' (O - ), 'of' (O - ), 'all' (O - ), 'kaunti' (O - ), 'lang' (O - ), 'yung' (O - ), 'laman' (O - ), 'nung' (O - ), 'isa' (O - ), 'habang' (O - ), 'medyo' (O - ), 'mas' (O - ), 'lamang' (O - ), 'yung' (O - ), 'sa' (O - ), 'isa' (O - ), 'about' (B - PRO#COL), 'sa' (I - PRO#COL), 'color' (I - PRO#COL), 'maroon' (I - PRO#COL), 'yung' (I - PRO#COL), 'sa' (I - PRO#COL), 'tingin' (I - PRO#COL), 'kong' (I - PRO#COL), 'dapat' (I - PRO#COL), 'maging' (I - PRO#COL), 'kakalabasan' (I - PRO#COL), 'niya' (I - PRO#COL), 'pero' (I - PRO#COL), 'violet' (I - PRO#COL), 'yung' (I - PRO#COL), 'kulay' (I - PRO#COL), 'niya' (I - PRO#COL), 'kapag' (I - PRO#COL), 'nilagay' (I - PRO#COL), 'na' (I - PRO#COL), 'sa' (I - PRO#COL), 'labi' (I - PRO#COL), 'also' (O - ), 'kulang' (O - )","'kaunti' (PRO#COND), 'lang' (PRO#COND), 'yung' (PRO#COND), 'laman' (PRO#COND), 'nung' (PRO#COND), 'isa' (PRO#COND), 'habang' (PRO#COND), 'medyo' (PRO#COND), 'mas' (PRO#COND), 'lamang' (PRO#COND), 'yung' (PRO#COND), 'sa' (PRO#COND), 'isa' (PRO#COND)"
27,ok na sana pero hindi 10 meters 6 meters lang saan ang 4 meters kada isang roll magpa katotoo naman sa post niyo,"'ok' (O - ), 'na' (O - ), 'sana' (O - ), 'pero' (O - ), 'hindi' (O - ), '10' (O - ), 'meters' (O - ), '6' (O - ), 'meters' (O - ), 'lang' (O - ), 'saan' (O - ), 'ang' (O - ), '4' (O - ), 'meters' (O - ), 'kada' (O - ), 'isang' (O - ), 'roll' (O - ), 'magpa' (B - SER#TRU), 'katotoo' (I - SER#TRU), 'naman' (I - SER#TRU), 'sa' (I - SER#TRU), 'post' (I - SER#TRU), 'niyo' (I - SER#TRU)","'hindi' (PRO#SIZE), '10' (PRO#SIZE), 'meters' (PRO#SIZE), '6' (PRO#SIZE), 'meters' (PRO#SIZE), 'lang' (PRO#SIZE), 'saan' (PRO#SIZE), 'ang' (PRO#SIZE), '4' (PRO#SIZE), 'meters' (PRO#SIZE), 'kada' (PRO#SIZE), 'isang' (PRO#SIZE), 'roll' (PRO#SIZE)"
28,amoy plastic amputa tagal ko inorder now lang dumating amoy plastic pa huhu why,"'amoy' (O - ), 'plastic' (O - ), 'amputa' (O - ), 'tagal' (B - DEL#TIME), 'ko' (I - DEL#TIME), 'inorder' (I - DEL#TIME), 'now' (I - DEL#TIME), 'lang' (I - DEL#TIME), 'dumating' (I - DEL#TIME), 'amoy' (O - ), 'plastic' (O - ), 'pa' (O - ), 'huhu' (O - ), 'why' (O - )","'amoy' (PRO#SENS), 'plastic' (PRO#SENS), 'amoy' (PRO#SENS), 'plastic' (PRO#SENS)"
29,not good not satisfied omg sa quality nya para sakin hindi okay akala ko yung na sstrech talaga sya e hindi naman pala sa picture at live na nagbebenta goods sya in person hindi na pala pero thats business sobrang nanghinayang ako,"'not' (O - ), 'good' (O - ), 'not' (O - ), 'satisfied' (O - ), 'omg' (O - ), 'sa' (O - ), 'quality' (B - PRO#GEN), 'nya' (I - PRO#GEN), 'para' (I - PRO#GEN), 'sakin' (I - PRO#GEN), 'hindi' (I - PRO#GEN), 'okay' (I - PRO#GEN), 'akala' (B - PRO#CORR), 'ko' (I - PRO#CORR), 'yung' (I - PRO#CORR), 'na' (I - PRO#CORR), 'sstrech' (I - PRO#CORR), 'talaga' (I - PRO#CORR), 'sya' (I - PRO#CORR), 'e' (I - PRO#CORR), 'hindi' (I - PRO#CORR), 'naman' (I - PRO#CORR), 'pala' (I - PRO#CORR), 'sa' (B - PRO#CORR), 'picture' (I - PRO#CORR), 'at' (I - PRO#CORR), 'live' (I - PRO#CORR), 'na' (I - PRO#CORR), 'nagbebenta' (I - PRO#CORR), 'goods' (I - PRO#CORR), 'sya' (I - PRO#CORR), 'in' (I - PRO#CORR), 'person' (I - PRO#CORR), 'hindi' (I - PRO#CORR), 'na' (I - PRO#CORR), 'pala' (I - PRO#CORR), 'pero' (O - ), 'thats' (O - ), 'business' (O - ), 'sobrang' (O - ), 'nanghinayang' (O - ), 'ako' (O - )","'not' (PRO#GEN), 'good' (PRO#GEN), 'not' (PRO#GEN), 'satisfied' (PRO#GEN)"
30,actually kala ko 10meters pro 6meters lang ng sinukat ko,"'actually' (O - ), 'kala' (O - ), 'ko' (O - ), '10meters' (O - ), 'pro' (O - ), '6meters' (O - ), 'lang' (O - ), 'ng' (O - ), 'sinukat' (O - ), 'ko' (O - )","'10meters' (PRO#SIZE), 'pro' (PRO#SIZE), '6meters' (PRO#SIZE), 'lang' (PRO#SIZE), 'ng' (PRO#SIZE), 'sinukat' (PRO#SIZE), 'ko' (PRO#SIZE)"
31,subrang tagal e ship nag order ako ng 9 9 ngayon ko palang na receive 924 mag 1 month bago ko marecive ang item ang pangit ng service di responsible si seller,"'subrang' (B - DEL#TIME), 'tagal' (I - DEL#TIME), 'e' (I - DEL#TIME), 'ship' (I - DEL#TIME), 'nag' (B - DEL#TIME), 'order' (I - DEL#TIME), 'ako' (I - DEL#TIME), 'ng' (I - DEL#TIME), '9' (I - DEL#TIME), '9' (I - DEL#TIME), 'ngayon' (I - DEL#TIME), 'ko' (I - DEL#TIME), 'palang' (I - DEL#TIME), 'na' (I - DEL#TIME), 'receive' (I - DEL#TIME), '924' (I - DEL#TIME), 'mag' (I - DEL#TIME), '1' (I - DEL#TIME), 'month' (I - DEL#TIME), 'bago' (I - DEL#TIME), 'ko' (I - DEL#TIME), 'marecive' (I - DEL#TIME), 'ang' (I - DEL#TIME), 'item' (I - DEL#TIME), 'ang' (O - ), 'pangit' (B - SER#GEN), 'ng' (I - SER#GEN), 'service' (I - SER#GEN), 'di' (I - SER#GEN), 'responsible' (I - SER#GEN), 'si' (I - SER#GEN), 'seller' (I - SER#GEN)",
32,oil based kadisappoint lang yung cloud ksi parang iba yung amoy antapang may pag kalalake rin siyang scent which is not the same sa usual na binibili ko then amoy na amoy talaga yung alchohol sa bawat perfume pero i guess its worth the price mura lng naman kaya ok,"'oil' (O - ), 'based' (O - ), 'kadisappoint' (O - ), 'lang' (O - ), 'yung' (O - ), 'cloud' (O - ), 'ksi' (O - ), 'parang' (O - ), 'iba' (B - PRO#SENS), 'yung' (I - PRO#SENS), 'amoy' (I - PRO#SENS), 'antapang' (I - PRO#SENS), 'may' (I - PRO#SENS), 'pag' (I - PRO#SENS), 'kalalake' (I - PRO#SENS), 'rin' (I - PRO#SENS), 'siyang' (I - PRO#SENS), 'scent' (O - ), 'which' (O - ), 'is' (O - ), 'not' (O - ), 'the' (O - ), 'same' (O - ), 'sa' (O - ), 'usual' (O - ), 'na' (O - ), 'binibili' (O - ), 'ko' (O - ), 'then' (O - ), 'amoy' (B - PRO#SENS), 'na' (I - PRO#SENS), 'amoy' (I - PRO#SENS), 'talaga' (I - PRO#SENS), 'yung' (I - PRO#SENS), 'alchohol' (I - PRO#SENS), 'sa' (I - PRO#SENS), 'bawat' (I - PRO#SENS), 'perfume' (I - PRO#SENS), 'pero' (O - ), 'i' (O - ), 'guess' (O - ), 'its' (O - ), 'worth' (B - PRI#VOM), 'the' (I - PRI#VOM), 'price' (I - PRI#VOM), 'mura' (B - PRI#AFF), 'lng' (I - PRI#AFF), 'naman' (O - ), 'kaya' (O - ), 'ok' (O - )","'not' (PRO#COND), 'the' (PRO#COND), 'same' (PRO#COND), 'sa' (PRO#COND), 'usual' (PRO#COND)"
33,late dumating ung parcel and sira ung producthnd gmaganaon lng tpos wla na,"'late' (B - DEL#TIME), 'dumating' (I - DEL#TIME), 'ung' (I - DEL#TIME), 'parcel' (I - DEL#TIME), 'and' (O - ), 'sira' (B - PRO#FUNC), 'ung' (I - PRO#FUNC), 'producthnd' (I - PRO#FUNC), 'gmaganaon' (I - PRO#FUNC), 'lng' (I - PRO#FUNC), 'tpos' (I - PRO#FUNC), 'wla' (I - PRO#FUNC), 'na' (I - PRO#FUNC)",
34,i dont think nsa 10meters ito lukot pa,"'i' (B - PRO#SIZE), 'dont' (I - PRO#SIZE), 'think' (I - PRO#SIZE), 'nsa' (I - PRO#SIZE), '10meters' (I - PRO#SIZE), 'ito' (I - PRO#SIZE), 'lukot' (O - ), 'pa' (O - )","'lukot' (PRO#COND), 'pa' (PRO#COND)"
35,hindi ko nagustuhan yung amoy i already received my parcel pero nung pag ka open ko may leak and hindi ko nagustuhan yung amoy nakakasuka yung amoy this is my first time to buy a product in this shop and i expect too much nakakadismaya,"'hindi' (O - ), 'ko' (O - ), 'nagustuhan' (O - ), 'yung' (O - ), 'amoy' (O - ), 'i' (O - ), 'already' (O - ), 'received' (O - ), 'my' (O - ), 'parcel' (O - ), 'pero' (O - ), 'nung' (O - ), 'pag' (O - ), 'ka' (O - ), 'open' (O - ), 'ko' (O - ), 'may' (O - ), 'leak' (O - ), 'and' (O - ), 'hindi' (O - ), 'ko' (O - ), 'nagustuhan' (O - ), 'yung' (O - ), 'amoy' (O - ), 'nakakasuka' (O - ), 'yung' (O - ), 'amoy' (O - ), 'this' (O - ), 'is' (O - ), 'my' (O - ), 'first' (O - ), 'time' (O - ), 'to' (O - ), 'buy' (O - ), 'a' (O - ), 'product' (O - ), 'in' (O - ), 'this' (O - ), 'shop' (O - ), 'and' (O - ), 'i' (O - ), 'expect' (O - ), 'too' (O - ), 'much' (O - ), 'nakakadismaya' (O - )","'hindi' (PRO#SENS), 'ko' (PRO#SENS), 'nagustuhan' (PRO#SENS), 'yung' (PRO#SENS), 'amoy' (PRO#SENS), 'pag' (DEL#COND), 'ka' (DEL#COND), 'open' (DEL#COND), 'ko' (DEL#COND), 'may' (DEL#COND), 'leak' (DEL#COND), 'hindi' (PRO#SENS), 'ko' (PRO#SENS), 'nagustuhan' (PRO#SENS), 'yung' (PRO#SENS), 'amoy' (PRO#SENS), 'nakakasuka' (PRO#SENS), 'yung' (PRO#SENS), 'amoy' (PRO#SENS)"
36,panget dito bumili pinapalitan yong order mo talaga kainis ng shop nato masyadong scam,"'panget' (B - SER#GEN), 'dito' (I - SER#GEN), 'bumili' (I - SER#GEN), 'pinapalitan' (O - ), 'yong' (O - ), 'order' (O - ), 'mo' (O - ), 'talaga' (O - ), 'kainis' (B - SER#TRU), 'ng' (I - SER#TRU), 'shop' (I - SER#TRU), 'nato' (I - SER#TRU), 'masyadong' (I - SER#TRU), 'scam' (I - SER#TRU)","'pinapalitan' (SER#TRU), 'yong' (SER#TRU), 'order' (SER#TRU), 'mo' (SER#TRU)"
37,parang laruan yung glads niya so dissapointed,"'parang' (B - PRO#MAT), 'laruan' (I - PRO#MAT), 'yung' (I - PRO#MAT), 'glads' (I - PRO#MAT), 'niya' (I - PRO#MAT), 'so' (O - ), 'dissapointed' (O - )",
38,di gumagana mic sabog pa tunog ang sabi ko bago ko i place order ko ay ipa double check yung product pero di nakinig,"'di' (B - PRO#FUNC), 'gumagana' (I - PRO#FUNC), 'mic' (I - PRO#FUNC), 'sabog' (O - ), 'pa' (O - ), 'tunog' (O - ), 'ang' (O - ), 'sabi' (B - SER#HAND), 'ko' (I - SER#HAND), 'bago' (I - SER#HAND), 'ko' (I - SER#HAND), 'i' (I - SER#HAND), 'place' (I - SER#HAND), 'order' (I - SER#HAND), 'ko' (I - SER#HAND), 'ay' (I - SER#HAND), 'ipa' (I - SER#HAND), 'double' (I - SER#HAND), 'check' (I - SER#HAND), 'yung' (I - SER#HAND), 'product' (I - SER#HAND), 'pero' (O - ), 'di' (O - ), 'nakinig' (O - )","'sabog' (PRO#SENS), 'pa' (PRO#SENS), 'tunog' (PRO#SENS), 'pero' (SER#RES), 'di' (SER#RES), 'nakinig' (SER#RES)"
39,sira sya at may amoy na ung adoptor diko bet kase nasayang lng pera ko,"'sira' (B - PRO#FUNC), 'sya' (I - PRO#FUNC), 'at' (O - ), 'may' (B - PRO#SENS), 'amoy' (I - PRO#SENS), 'na' (I - PRO#SENS), 'ung' (I - PRO#SENS), 'adoptor' (I - PRO#SENS), 'diko' (O - ), 'bet' (O - ), 'kase' (O - ), 'nasayang' (B - PRI#VOM), 'lng' (I - PRI#VOM), 'pera' (I - PRI#VOM), 'ko' (I - PRI#VOM)",
40,010 di naman sya gumagawa e not satisfied buyer her,"'10' (O - ), 'di' (B - PRO#FUNC), 'naman' (I - PRO#FUNC), 'sya' (I - PRO#FUNC), 'gumagawa' (I - PRO#FUNC), 'e' (O - ), 'not' (O - ), 'satisfied' (O - ), 'buyer' (O - ), 'her' (O - )",