Topic,Count,Name,Representation,Representative_Docs
-1,3818,-1_item_seller_order_product,"['item', 'seller', 'order', 'product', 'kasi', 'maganda', 'items', 'thank_seller', 'good', 'thank']","['nice items maganda salamat_shopee', 'items pinadala kala okay seller pcs order pinadala nag bayad nag ayos deliver nakaka disappointed seller store', 'thank ok product']"
0,1026,0_color_black_white_pink,"['color', 'black', 'white', 'pink', 'blue', 'wrong_color', 'green', 'order', 'colors', 'red']","['white order gray pinadala okay maganda', 'wrong_color green black_order blue black_dumating hehe goods item', 'color dumating satisfied ibang size colors dumating']"
1,515,1_size_maliit_size_sizes_add_size,"['size', 'maliit_size', 'sizes', 'add_size', 'maliit', 'large', 'xl', 'kasya', 'paa', 'medium']","['wrong_size binigay order size size binigay', 'complete_orders dalawang slippers maliit inorder size size nung slipper kulay black maliit_size nakalagay size', 'disappointed quality picture maganda size order parang size lng liit']"
2,455,2_dumating_sira_agad_ok,"['dumating', 'sira', 'agad', 'ok', 'lng', 'sana', 'pwede', 'maganda', 'kasi', 'aq']","['maganda maliit pwede ok yan', 'maganda item gumagana sobrang_tagal dumating dec aq nag check jan dumating', 'maganda dumating order']"
3,316,3_price_worth_worth_price_good_price,"['price', 'worth', 'worth_price', 'good_price', 'ok_price', 'maganda', 'sakto_price', 'okay_price', 'quality', 'affordable']","['maganda worth_price', 'ganda worth', 'okay lng price']"
4,191,4_food_place_masarap_staff,"['food', 'place', 'masarap', 'staff', 'taste', 'service', 'eat', 'chicken', 'serving', 'restaurant']","['could one worst restaurant experience ever food taste meh servea order minute interval malamig ibang food pagdating mong order staff also enthusiastic nakasimangot kausap', 'poor_service malamig food mainit place', 'tagal food service']"
5,190,5_good_quality_maganda_quality_good_poor_quality,"['good_quality', 'maganda_quality', 'good', 'poor_quality', 'recommended', 'maganda', 'quality', 'ganda_quality', 'low_quality', 'manipis']","['good_quality ganda', 'good_quality', 'maganda good_quality']"
6,186,6_damage_item_items_damaged,"['damage', 'item', 'items', 'damaged', 'box', 'product', 'salamat', 'thank_seller', 'maayos', 'thank']","['ganda damage thankyou_seller', 'damage dumating', 'damage dumating']"
7,163,7_shoes_sandals_socks_slippers,"['shoes', 'sandals', 'socks', 'slippers', 'boots', 'sock', 'size', 'ganda_shoes', 'legs', 'love_love']","['maganda shoes price see_get', 'maganda shoes see', 'good really satisfied order shoes cute sulit_price shoes order_shop']"
8,142,8_rider_ganda_ganda_kuya_rider_thank_seller,"['rider', 'ganda_ganda', 'kuya_rider', 'thank_seller', 'thank_kay', 'thank_seller_rider', 'thankyou_seller', 'good', 'kuyang_rider', 'thank_seller_kay_kuya']","['sakto thanks_seller rider well_packaged', 'thank_seller maganda item thank den rider', 'maliit maganda thanks_seller rider']"
9,137,9_bubble_wrap_naka_bubble_wrap_box_fragile,"['bubble_wrap', 'naka_bubble_wrap', 'box', 'fragile', 'naka_bubble', 'open', 'wipes', 'bubble', 'item', 'packaging']","['requested bubble_wrap nasa plastic buti nasira', 'worth sira alam seller fragile ipapadala man nilagay bubble_wrap', 'sira_box bubble_wrap sana']"
10,110,10_refund_return_sayang_pera_return_refund,"['refund', 'return', 'sayang_pera', 'return_refund', 'pesos', 'seller', 'voucher', 'gcash', 'sira', 'items']","['good dumating sira dami process refund', 'sira green slippers nung chinat_si seller refund daw pwede full refund discount lng daw refund request pesos lng irefund worth_pesos slippers dumi maliit green', 'nakaka badtrip refund seller gumagana sayang_pera']"
11,103,11_battery_battery_life_rechargeable_gumagana,"['battery', 'battery_life', 'rechargeable', 'gumagana', 'gb', 'batteries', 'wala', 'sira', 'level', 'pwede_lagyan']","['kwenta gumagana bumili bagong battery eveready energizer battery wala tlga sayang_lng pinambili battery mas_mahal battery kesa item mapapala nainis lng next_time_seller try_muna gumagana', 'wala itong battery disappointed', 'super_ganda battery thank_seller']"
12,99,12_super_ganda_love_super_super_love,"['super_ganda', 'love', 'super', 'super_love', 'love_thankyou', 'super_cute', 'super_laki', 'thank_much_seller', 'super_duper', 'super_nipis']","['see_get super_ganda talaga', 'good super_ganda', 'legit super_ganda']"
13,97,13_order_order_ulit_nd_order_sept,"['order', 'order_ulit', 'nd_order', 'sept', 'unang_order', 'persons', 'order_received', 'kona', 'nio', 'pwd']","['manloloko yeezy slides order hinabol order pra kay misis dn daw mag karoon slides dumating potek bahay pwedeng basain tigas rubber nag kakalyo paa sayang hihintay almost_weeks haist', 'ndi pla maasahan shoopee order disappointed talaga dnala nio ndiktulad sample order nung_dati pirado lng ok ngaun aya nio lng kmi npaka pngit dinala nio', 'pangit treatment owner group kahapon left binabantayan kita magkakaroon left overs per plate ubos putahe serving refill nababantayan bottomless icetea kelangan silang tawagin nilalatag pitsel per']"
14,94,14_god_bless_godbless_maraming_salamat_merry_christmas,"['god_bless', 'godbless', 'maraming_salamat', 'merry_christmas', 'salamat', 'thank_god_bless', 'salamat_seller', 'seller_god_bless', 'stay_safe', 'thank']","['good maraming_salamat sayo seller ganda item order get god_bless', 'maganda nagustuhan salamat_seller god_bless salamat nagdeliver', 'thank ganda order inyo god_bless']"
15,91,15_charger_charge_charging_charging_port,"['charger', 'charge', 'charging', 'charging_port', 'charging_pin', 'usb', 'working', 'gumana', 'hangin', 'sira']","['charger strap', 'ok_xa lng box charger lng free charger', 'charger working fan charge halatang pinadala nde tinest charge gamit ibang charger power hangin_lumalabas umaalog loob sira working ask_refund']"
16,90,16_sound_sounds_audio_mic,"['sound', 'sounds', 'audio', 'mic', 'sound_quality', 'basag', 'bass', 'volume', 'tenga', 'game_mode']","['good sound sana agad masira', 'basag sound mic sira parang parang wala umay', 'okay sound mic nagana']"
17,89,17_scent_perfume_smell_cloud,"['scent', 'perfume', 'smell', 'cloud', 'amoy', 'coconut', 'sweet', 'smells_like', 'inspired', 'oily']","['sure anong smell perfume toh disappointed', 'watery preference smell good scent sweet reviewers say smell close cloud scent nakakasuka think lng prefer smells sweet_like pawis rubber idk', 'oily first_time buy perfume shop im kind disappointed cause smell met expectations oo mura wala_akong naaamoy cloud_ariana perfume natoh huhu amoy ibang perfume inspired ariana cloud nabili']"
18,85,18_thank_thankyou_maganda_nakuha_love,"['thank', 'thankyou', 'maganda', 'nakuha_love', 'thanks', 'thank_thank', 'thank_much', 'kuya', 'uulitin', 'ganda']","['thank maganda', 'maganda thank', 'maganda thank']"
19,80,19_ship_item_pinadala_seller,"['ship', 'item', 'pinadala', 'seller', 'items', 'wala', 'tagal', 'magreply', 'shop', 'piro']","['mali_pinadala seller kulay order green black pinadala_seller purple_blue sunod send pictures ship piro ok_lng matibay sayang_lng puro lalaki_anak mli kulay ok_lng blue piro', 'ordered itong damaged namn ship defect gumagana tong umiinit sana ship check_muna mabuti ksi box ok shipment problem', 'maganda slippers malambot_paa mabilis magpa ship seller konting request sana_nextime sana wala stain scratches reresell kasi nagrereklamo ibang buyer nakaka receive damage hassle magbalik sana anything pina ship thanks']"
20,72,20_order_thank_seller_complete_order_delivery,"['order', 'thank_seller', 'complete_order', 'delivery', 'order_received', 'product', 'good', 'today', 'second_time', 'loved']","['good complete_order dumating okay product medyo_matagal delivery', 'finally order_received got fifteen days understandable typhoon got delayed delayed worries loved product though masikip size hehe quality much nice affordable_price thanks_seller', 'good order thank_seller']"
21,67,21_strap_bra_straps_wear,"['strap', 'bra', 'straps', 'wear', 'pants', 'manipis', 'boobs', 'cloth', 'comfortable', 'maiksi']","['bought sleeveless tube tops since detachable straps kinuha coz size unluckily bra stretchy nasa last hook tinry straps bra cute gives little push sana_magtagal thanks_shopee', 'ok_sana maiksi strap kht dq maisuot maiksi strap maganda_sana malapad strap next_time pakiayos strap medjo habaan natural haba strap bra sorry_rate ah lng maiksi strap', 'hi kinda_disappointed part strap bra picture kasi strap iisa nakarating samin overall_maganda sana_nxt time_paki check product bra strap thank']"
22,66,22_thank_seller_thankyou_seller_thanks_seller_maganda,"['thank_seller', 'thankyou_seller', 'thanks_seller', 'maganda', 'bango', 'thank_thank', 'promise', 'diliver', 'ganda', 'sobrang_laki']","['ok maganda lakas fan nyan maganda promise thank_shoppe thank_seller ganda promise', 'napakaganda love itt ganda pagkakagawaa complete_damage nakasale thank pafree giftt surely_buy thank_seller shoopee', 'okay maganda thank_seller']"
23,65,23_phone_samsung_tablet_screen,"['phone', 'samsung', 'tablet', 'screen', 'android', 'signal', 'iphone', 'cellphone', 'keypad', 'storage']","['good samsung original mura sana palitan nakalagay samsung new arrival tablet adroid pangit graphics', 'maganda phone like', 'ordered gold green_dumating sana pangalan deceiving hnd totoong samsung title name item samsung generic android tablet']"
24,64,24_mascara_lipstick_lashes_lips,"['mascara', 'lipstick', 'lashes', 'lips', 'dry', 'eyelashes', 'curl', 'eyeliner', 'waterproof', 'magic']","['dries really slow really thick straight eyelashes nagcurl applying mascara bc gets really wet nawawala curl eyelashes curl mascara dries', 'maganda eyeliner price mascara', 'mascara nice tho hold curl lashes curl lashes natatanggal mascara']"
25,64,25_video_video_related_picture_video_related,"['video', 'video_related', 'picture_video', 'related', 'photo_video_related', 'coins', 'photos_videos', 'purposes', 'pic_video', 'chaka']","['wala pic hehe ayan nlg maganda nagustohan order video hndi yan items hehe coins purpose lng', 'order pro lng dumating ty nlng porket dko video inopen charge experience pro sna dobol check parcel send pics video mag_ship', 'video coin purposes onlyy product okaaayy priceee medyo yupi ayos pagkaka_pack like mahigipit ganun yupi lower part nyaa coins review']"
26,63,26_mouse_pad_mouse_mousepad_mystery_pouch,"['mouse_pad', 'mouse', 'mousepad', 'mystery_pouch', 'mystery_box', 'mystery', 'design', 'pouch', 'box', 'dalawang']","['pangit kulay mouse_pad gusot kasi secure_packaging cute mouse', 'right price mouse_pad poor mouse gets slower use provided mouse_pad mouse lil bit slow noisy affordable', 'nakakatuwa mouse_pad galing seller man ngconsider si_seller binili mouse_pad laman pouch mouse_pad order mystery bos mouse_pad designs ayun']"
27,61,27_picture_pictures_picture_related_related,"['picture', 'pictures', 'picture_related', 'related', 'photo_related', 'nasa_picture', 'friend', 'nag_send', 'photochromic', 'vedio']","['ibang picture thank_seller', 'kids expected nasa pictures know ubusan si_seller sinend samin pictures received event hough tumbler parin syempre kids expecting saw pictures', 'maganda_quality pictures fast_delivery thank_much maganda_quality pictures fast_delivery thank_much']"
28,59,28_stars_star_give_stars_rate,"['stars', 'star', 'give_stars', 'rate', 'bog', 'xxl', 'maq', 'halos', 'square_pants', 'months']","['naka dalawang order good si_seller ok lagi deliver stars', 'ok_sana next_order ok stars', 'super safe item bilis_dumating rate stars']"
29,51,29_wallpaper_wall_wall_paper_roll,"['wallpaper', 'wall', 'wall_paper', 'roll', 'bricks', 'edges', 'mabilis_mapunit', 'tape', 'texture', 'manipis']","['satisfied wallpaper mura maganda thank_shopee umorder ganda', 'okay maganda ganda klase pagka wallpaper wallpaper basta maganda ganda packaging', 'good_quality maayos damage wallpaper halos cm lapad wallpaper paki tama description product overall_good ok thank']"
30,51,30_earphones_earphone_earbuds_ear,"['earphones', 'earphone', 'earbuds', 'ear', 'earpods', 'left', 'gumagana_mic', 'gumagana', 'sound', 'phone']","['got earphones maayos comes pakikinig music gumagana_mic use sana online_class nangyari expectations', 'cheap get_pay medyo_mahaba right wire left mas_malakas left earphone least earphone ok', 'good product price mabilis_malowbat case parang charge earphones']"
31,47,31_umbrella_bag_small_bags_handy,"['umbrella', 'bag', 'small_bags', 'handy', 'kasya_bag', 'wipes', 'small', 'super_nice', 'love', 'thr']","['neat maliit manipis advertised product fully automatic umbrella manual umbrella dumating hype ata itong product daming bumili mali_dineliver disappointed complain kasi mura expect lot sana matibay maganda color super', 'thank_seller_shopee ganda_quality umbrella medyo_maliit umbrella ok_namn tao lng tlga hahaha', 'super_cute umbrella kasya_bag']"
32,45,32_disappointed_disappointed_kasi_ndi_super_disappointed,"['disappointed', 'disappointed_kasi', 'ndi', 'super_disappointed', 'inspi', 'excited', 'disappointing', 'dumidikit', 'dissappointed', 'bkt']","['disappointed_kasi fan dumi ok pq nung gumagana nung lobat chnarge gumana gagamitin sana clases kasi mainit wla sira sayang_pera saka sinong bobo mag lalagay lalagyanan batery wlng', 'disappointed almost months dumating inorder tagal_iship item nagrereply message sakanila bkt shiniship maiintindihan basta mag message dahilan bkt natagalan buti kinuha item disappointed', 'disappointed maganda']"
33,45,33_rubber_plastic_plastic_material_cheap,"['rubber', 'plastic', 'plastic_material', 'cheap', 'material', 'sandal', 'bara', 'slides', 'mejo_malaki', 'harap']","['rubber ok nagustuhan size maliit mag_add size', 'rubber material malambot point parang mabilis mapudpod okay sobrang maamoy rubber parang konti hihikain amoy maliit_sizes add_sizes original_size paa', 'satisfied_customer sobrang rubber']"
34,44,34_design_hnde_niyo_tugma,"['design', 'hnde', 'niyo', 'tugma', 'sana', 'magbalik', 'meron', 'design_pinili', 'tpus', 'parehas_design']","['item different_picture shown design design overall', 'ganda design love', 'nkakalungkot tugma sizes design hassle magbalik pinagpartner nlang base sukat sali saliwa design pray nlang ndi mapansin customer design ndi tugma sna nxt_time pkirecheck maayus hassle magbalik lalo province kame']"
35,43,35_products_recommended_shop_shipped_immediately_product,"['products', 'recommended_shop', 'shipped_immediately', 'product', 'shop', 'good_quality', 'bihon', 'miki', 'immediately', 'thank_seller']","['thank_seller shipping item immediately honest_review okay_quality binayad aarte ba recommended naghahanap mura mejo quality bad thing jogger naghihimulmol reference xxl fits_perfectly height kudos', 'nice maganda maayos products shipped_immediately well_packed order thank_shopee', 'ordered miki bihon today price silogs pricier silog nothing much special except known kilala miki bihon dry also chicken stall beside akik garlic chicken sulit cheaper expect pieces mabuto breading']"
36,43,36_packaging_cocoa_salamaaaat_working,"['packaging', 'cocoa', 'salamaaaat', 'working', 'use', 'manual', 'fast_delivery', 'secured', 'perfectly', 'cold']","['item good shipped_immediately makapal_tela good xl talaga packaging directly plastic agad wala_man packaging mas maayos tho maganda', 'ok packaging sira_sira nung_dumating ok kasi kucute problem packaging', 'mygod anong packaging parang nasa palengke ganon terrible packaging knowing undergarments ok packaging jusko']"
37,43,37_amoy_amoy_cloud_amoy_goma_amoy_ya,"['amoy', 'amoy_cloud', 'amoy_goma', 'amoy_ya', 'cloud', 'mabango', 'tester', 'tapang', 'ilong', 'ulo']","['late kona nlaman amoy diko kasi binuksan agad cucumber lemon kasi inuna satisfy amoy humahalimuyak feel eto amoy parang alchohol amoy', 'scent amoy', 'nagustuhan amoy already_received parcel nung open leak nagustuhan amoy nakakasuka amoy first_time buy product shop expect_much nakakadismaya']"
38,42,38_goods_goods_goods_kapitbahay_sumusulat,"['goods', 'goods_goods', 'kapitbahay', 'sumusulat', 'walking', 'march', 'item', 'nov', 'well_packed', 'unan']","['manipis goods', 'goods working maganda', 'product goods']"
39,42,39_defective_defect_defective_item_malfunction,"['defective', 'defect', 'defective_item', 'malfunction', 'device', 'boxes', 'pukpukin', 'gagana', 'ayaw_mag', 'unit']","['defective suggest wag nyu isipin bumili_shop defective binebenta masasayang_pera', 'defective_item defective', 'scam sira product defective']"
40,41,40_baby_months_newborn_bettle,"['baby', 'months', 'newborn', 'bettle', 'socks', 'girl', 'kasya_baby', 'excited_magamit', 'ganda_laki', 'malaki']","['bettle socks norder star dumating bettle socks sana kasi terno damit bettle maganda_sana makapal nakakadismaya maganda star bettle talaga pili kasi terno months old pictorial baby', 'soper love talaga konang bili publima damit one_month siguro magagamit month baby tama_size month piro damit pabg one_month baby months', 'thank_much_seller satisfied_costumer medyo_manipis baby bed tama mura excited_magamit baby']"
41,41,41_order_thank_youu_thankyou_kim,"['order', 'thank_youu', 'thankyou', 'kim', 'hehe', 'thank_seller', 'pak', 'kumpleto', 'thank_thank', 'nice']","['thank_much_seller hesitant order first really surprised smart_tv received tong napanalunan grabe parang panaginip tong nangyari thank_much_seller godbless family', 'sunday inorder received agad ngayong thursday bilis_shipping tuwang_tuwa kapatid order_soon sticker syang kasama resibo percent orig sure last talaga thank kim taehyung park jimin jeon jungkook kim', 'nice nice nice thank yow pows hehehehe okay okay order_ulit pera nah oh skyflakes muna kayu receive_item tinamad magpic parcel hehe tagal kasi nag orange order reciv thanks hehe oh yea sna']"
42,41,42_glue_fake_nails_nails_nail,"['glue', 'fake_nails', 'nails', 'nail', 'kuko', 'madikit_glue', 'first_time', 'bawas', 'tuyo', 'kakabit']","['bilis_dumating parcel ganda fake_nails sobrang kapit glue halos ayaw kumawala kuko sobrang_excited nalagay fake_nails naalis nail polish nadumihan overall sulit talaga til_next', 'nice nahirapan tlga maglagay glue excited cause want try putting fake_nails glue mahirap naa ikabit like skin nalalagyan next_time think buy glue', 'second_time order_shop thank_much maganda fake_nails natry nail glue nail jelly glue lng maraming_salamat']"
43,40,43_hotel_room_rooms_floor,"['hotel', 'room', 'rooms', 'floor', 'cr', 'clean', 'lobby', 'stay', 'stayed', 'malinis']","['good working people hotel im asking something ignore asking never friendly trabahador suck hotel hotel pinag styhan itong hotel lng tauhan hndi friendly hndi trabaho', 'currently checked hotel poor_customer_service hirap makaget request hotel hotel manager duty kausap repeat couple times parin nagets langaw wa room room kasama naaddress', 'value_money room especially cr sooo dirty jusko mas malinis ata sogo go hotel kids even walk barefoot floor soooll dirty']"
44,39,44_scam_meters_advertisement_koh,"['scam', 'meters', 'advertisement', 'koh', 'false', 'fake', 'scammer', 'ads', 'tao', 'nanloloko']","['poor false advertisement recommended meters inang yan meters daw sinukat kasi duda meters responsive_seller wag_bumili sinungaling sayang_pera hanap kayoniba', 'naka post meters sinukat meters parang scam yata tuloy nag kasya sana honest post', 'punit gumamit tape iseal roll bumabakat wallpaper tape mark scam fake ads totoong meters haba less meters kada roll seller_responded']"
45,39,45_double_check_check_next_time_seller_kaliwa,"['double_check', 'check', 'next_time_seller', 'kaliwa', 'otp', 'nio', 'paki_check', 'kuskos', 'time_double', 'gagana']","['ok sna kya_lng item binyaran maaus ndi lng double_check item bgo ipadala wag_kau ganyn nmin_pinupulot png bbayad nmin senio nkkadismaya lng kau', 'ml inorder pamangkin nyu pinadala pariho ltr nag_chat aku double_check kuna man cguro binasa', 'see_get disappointed_kasi parehas kaliwa pinadala next_time ipapadala inorder customers double_check sayang_pera magagamit kasi puro kaliwa pinadala']"
46,38,46_pcs_spinning_siomai_milktea,"['pcs', 'spinning', 'siomai', 'milktea', 'ballpen', 'pen', 'binayad', 'dumating', 'set', 'marunong_mag']","['sira ulo shoppe omoorder pcs nakagay order pcs dumating skn pcs instead pcs scammer order sayang oorder_ulit kwarto big', 'oks sna items kso pcs binayaran pcs lng dumating', 'binigay pen pcs dumating pcs parin binayaran kasama narin kse pen spinning pcs ballpen pcs pen spinning bali babayaran thanks']"
47,38,47_thank_ganda_ok_nagustuhan,"['thank', 'ganda', 'ok', 'nagustuhan', 'thankyou', 'thank_much', 'everrr', 'bell', 'assisted', 'blis']","['ganda thank', 'ganda thank', 'ok thank']"
48,36,48_fast_delivery_fast_charger_ok_xah_fast_shipping,"['fast_delivery', 'fast_charger', 'ok_xah', 'fast_shipping', 'magtagalthank', 'changer', 'fast_charging', 'fast', 'kahapon', 'tahi']","['try lng fast_charger mabilis_deliver sana fast_charger', 'although alang konek binili naibigay bgo mapicturan sana ok_xah magtagal thank ok_xah fast_delivery sana lng magtagalthank ok_xah fast_delivery sana lng magtagalthank ok_xah fast_delivery sana lng magtagalthank ok_xah', 'fast_charger']"
49,36,49_mystery_pouch_mystery_box_mystery_pouch,"['mystery_pouch', 'mystery_box', 'mystery', 'pouch', 'laman', 'box', 'package', 'excitement', 'hahaha', 'item']","['ok konti mystery_box mystery_pouch parehas inorder hahaha goods_quality', 'sira item mystery_pouch mystery_box nakaka_dismaya', 'okay dumating product parang mystery_pouch']"
50,36,50_bluetooth_bluetooth_earphones_bluetooth_earphone_connection,"['bluetooth', 'bluetooth_earphones', 'bluetooth_earphone', 'connection', 'disconnect', 'led', 'magconnect', 'connect', 'shift', 'earbuds']","['great ganda cute items far working bluetooth device ayos thanks_seller', 'pwede maganda nag nag aagawan bluetooth kaparehas bluetooth name iphone hahahahag', 'okay maganda pagka connect bluetooth bgla nlng disconnect bluetooth']"
51,34,51_alcohol_amoy_alcohol_amoy_parang_alcohol,"['alcohol', 'amoy_alcohol', 'amoy', 'parang_alcohol', 'pabango', 'bottle', 'ariana', 'cloud', 'og', 'spray']","['diko_sure alcohol ata kunting pabango diko inexpect ganto ibibigay sana alcohol hehe', 'amoy_cloud ariana amoy lng syang alcohol', 'edit ratings alam pabango ba alcohol ngyon lng nagamit wala_man lng kaamoy amoy hndi amoy bombshell amoy_alcohol ayusin seller nssyang pera nmen']"
52,33,52_seller_uulitin_thank_seller_ganda_magaganda_items,"['seller_uulitin', 'thank_seller', 'ganda', 'magaganda_items', 'kuya_nagdeliver', 'thank_shopee', 'thank_seller_thank_shopee', 'buying', 'thankyou_seller', 'thanks_seller']","['ganda thank_seller', 'ganda thank_seller', 'thank_shopee seller_uulitin']"
53,33,53_ring_light_ringlight_stand_tripod,"['ring_light', 'ringlight', 'stand', 'tripod', 'crack', 'light', 'basag', 'box', 'working', 'important']","['time take picture ring_light purpose good_quality much ring_light crack still works stand missing parts baba', 'ok bubble warp box packaging ring_light stand parang deformed used box ginamit damage like missing rubber stopper tripod ring_light nasira parts gasgas ring_light pwede', 'mukhang ring_light scratches slight crack side pati box ring_light mukhang_luma wire ring_light naka attach mabuti kasya upload malagay super luwag nung tripod']"
54,33,54_meters_meters_meters_meter_roll,"['meters', 'meters_meters', 'meter', 'roll', 'cm', 'cm_cm', 'description', 'mx', 'ft', 'bako']","['thought meters sad_say meters replace meters description umasa anyway salamat_parin kasi bilis_dumating', 'actually kala meters pro meters sinukat', 'good like maganda pagka gray white maganda dismayado meters_meters meters mag purchase ulit seller sana_next_time sinabing meters sana meters legit']"
55,31,55_dating_gomo_sim_pro_unli_data,"['dating', 'gomo_sim', 'pro', 'unli_data', 'wasak', 'ho', 'gb', 'cheap', 'mabilis', 'sim']","['good kumpleto pcs lng wala tape laki dating order medjo maliit parang newborn dumating', 'medyu natagalan dating ok item thank_seller', 'ganda featured offer post gomo_sim unli_data days free gb gomo_sim expiry price inorder unli_data days pro dating gb gomo_sim saklap scammer karmahin']"
56,31,56_gasgas_gas_stove_tempered,"['gasgas', 'gas', 'stove', 'tempered', 'burners', 'brand_new', 'swak', 'bkt', 'matte', 'madaming']","['sobrang tipid gas magagamit kerosine stove', 'well_packed shipped_immediately seller fits_perfectly gas stove makapal sana_magtagal really great way save gas consumption natagalan courier thanks_seller order_soon', 'disappointed sad gas stove cover damage']"
57,29,57_water_proof_waterproof_water_mata,"['water_proof', 'waterproof', 'water', 'mata', 'tubig', 'heater', 'wet_wipes', 'long_lasting', 'useful', 'sobrang_tagal']","['hnd water_proof tagal_dumating', 'sad water_proof bingay nyu ngaun nakaka_disappoint aq dto umorder kasi ganun pinadala nu saakin unang_order time halos customer hnhnap waterproof', 'try sana legit waterproof ok maganda balot sire legit waterproof sobrang_tagal dumating nakapag bakasyon dating']"
58,29,58_poor_service_service_staff_rude_staff,"['poor_service', 'service', 'staff', 'rude_staff', 'tables', 'people', 'labas', 'bad_customer', 'sobrang', 'dog']","['poor_service vacant tables loob sobrang crowded pila tagal magtawag', 'hi sobrang disappointed service staff sobrang pila paghihintay pet groom also nag accept appointment food good service sorry sobrang pangit', 'bad_customer service rude_staff extra hard firmness still saggy punta laging ganun sm north branch kumakain mas_ok ramen staff']"
59,27,59_bilis_dumating_bilis_shipping_thank_seller_bilis_delivery,"['bilis_dumating', 'bilis_shipping', 'thank_seller', 'bilis_delivery', 'thanks_seller', 'nun', 'complete_items', 'tumigas', 'diyan', 'aken']","['thank_seller bilis_dumating', 'thank_seller ganda bilis_dumating', 'ganda bilis_dumating thank_seller']"
60,27,60_minutes_week_hours_one_day,"['minutes', 'week', 'hours', 'one_day', 'low_battery', 'using', 'testing', 'need', 'nasira_agad', 'sobrang_hina']","['working nag_chacharge samantalang chinarge hours gumagana akala charger lng problema nag_try akong ibang charger nag wait hours ayaw padin gumana nung tinesting dalawang charger_gumagana', 'tagal uminit naka max nailang minutes nako nagpapainit non ganon paren tempereture umuunit slight lng', 'need rest vacuum ginamit minutes need ipahinga minutes nagbago tunog nakahigop']"
61,26,61_jogger_jogging_pants_jogging_jogger_pants,"['jogger', 'jogging_pants', 'jogging', 'jogger_pants', 'brief', 'manipis_tela', 'nakapost', 'nitong', 'malambot', 'butas']","['comfy_suotin nung jogger malambot brief sakto kompleto brief twelve pieces', 'amazed quality mura yet mapapamura quality always prefer ksi large sizes jogging_pants comfortable mag jogging thank_seller', 'nasunod_kulay inorder ok tela butas pocket blue jogger sira handle zipper gray jogger minessage si_seller ngreply nd_time buyer okay nung_unang order hayst']"
62,24,62_oil_oil_based_essential_oil_oily,"['oil', 'oil_based', 'essential_oil', 'oily', 'fragrance', 'shade', 'amoy', 'bombshell', 'consistency', 'sobrang_layo']","['parang oil_based', 'ganun bango open well_package nmj open dulaa kasi oil labas idk galing pabango nakasealed sobra puno oil okay amoy price', 'long_lasting nikagyan oil parcel mukang oil_based watery okey mura laang everyday_use']"
63,23,63_water_bottle_bottle_leak_bottles,"['water_bottle', 'bottle', 'leak', 'bottles', 'water', 'pagod', 'mabango', 'test', 'received', 'liters']","['ok_price paya water_bottle compare nabili kapatid ganitong water_bottle mataba taas', 'mabango medyo leak bottle ok thankyou_seller', 'ok ok water_bottle inorder damage water_bottle sayang christmas_gift sana']"
64,22,64_product_areas_nice_product_kumpara,"['product', 'areas', 'nice_product', 'kumpara', 'full', 'takip', 'good', 'mapasakamay', 'karating', 'kaflat']","['soft thick mas maliit kumpara ibang brand useful pamunas mg furbabies madali matuyo lagayan', 'review panty magkasabay dumating super_tagal inintay mapasakamay items ok pagka packed product mukang nakaka happy kasi kumpara parang breathable freling suot mainit pagka', 'good working_well product nakakalinis full clean good small areas lng talaga random movement areas madaanan malinisan good suction quality madala walis alikabok nalilinis']"
65,21,65_skin_tissue_magsugat_pndla,"['skin', 'tissue', 'magsugat', 'pndla', 'dhil', 'hiyang', 'mata', 'yes', 'mahaba', 'mlaman']","['magaganda damit pro socks pndla maling mali order dissapointed part new born mgsusuot pro pndla skin subrang laki haba susko kasya yrs_old ok_lng sna mplitan kng category lng dn pnili', 'ok_sana mali_pinadala skin seller star', 'yes yes mganda super nsatisfied pagkadlivered skin safe dhil ibinalot bonggang bongga medu kinabahan aq tkot aq mag_order ganito online selling dhil bka damaged mrecb mauul cguro dhil']"
66,20,66_sayo_order_shop_dto_shop_ayusin,"['sayo', 'order_shop', 'dto_shop', 'ayusin', 'meow', 'xxl', 'mag_order', 'nko', 'order', 'wag_kau']","['nakakadis appoint seller large order binigay xxl hndi_man dinobol check binalut baka sinadya maubos xxl neo binalik item wala refund mura inyo mapapamura wrong_item ibibigay kata star rate', 'ayoko ganitong store dalawang besis mag_order mdyo ok_sana pngalawa order parcel hirap contact_seller talagang inaanu mag rply cla sayo ilang_araw order sayo magrply star nakaka disapointed ganitong store hndi uulit', 'wag_kau mag_order putik ayusin seller ibaiba kulay binibigay pls nextime mag_order sayo ayusin wag maka benta ayaw_mag order_shop sariling desisyon seller']"
67,20,67_thank_seller_uulitin_item_mabait_seller_thank_seller,"['thank_seller_uulitin', 'item', 'mabait_seller', 'thank_seller', 'napictureran', 'thankiee', 'makaabot', 'nagpicture', 'ulit', 'oorder_ulit']","['ok ok item oorder_ulit bilis_dumating maayos_packaging thank_seller_uulitin', 'intact ganda items thank_seller requested brother bench boxer brief mura sana makaabot next_time sale', 'nice item handy mabilis nkarating item thank_seller_uulitin']"
68,20,68_cotton_fabric_spandex_cotton_tela,"['cotton', 'fabric', 'spandex', 'cotton_tela', 'parang', 'expected', 'hubby', 'ksi', 'washes', 'maghimulmol']","['good ewan parang reject parepareho malapad cotton loob makitid dikitan tape manipis cotton', 'far ganda cotton okay sulit thank', 'cotton thanks_seller ganda']"
69,20,69_waste_money_zero_deffective_buksan,"['waste_money', 'zero', 'deffective', 'buksan', 'tatlong', 'ambilis', 'gumana', 'bumubiga', 'toothpaste', 'tax']","['waste_money nag_cha charge', 'waste_money charged takes hrs charging still full used took mins battery already drained poor product sira dalawang_beses nagamit dont waste_money trash', 'waste_money sayang_pera wag_bumili papansinin seller issue araw gumana wala waste_money never shop']"
70,20,70_hawk_bag_tee_order_ulit_ganda_quality,"['hawk_bag', 'tee', 'order_ulit', 'ganda_quality', 'subok', 'quality', 'subra', 'good_quality', 'muscel', 'meticulous']","['nice ganda solid legit hawk_bag bilis_delivery order_ulit susunod thank_much', 'legit bilis_dumating well_packed subok matibay talaga hawk_bag', 'maganda orig first_time bumili hawk shopee_mall stars subok quality hawk_bag since highschool almost years first hawk_bag']"
71,20,71_seller_ewan_buyer_man,"['seller', 'ewan', 'buyer', 'man', 'sira', 'ipiladala', 'adress', 'umoo', 'namumulot', 'mgbebenta']","['sira payong sana man_lng chinecheck sira ba item ideliver sayang binabayad buyer maintindhan tong_seller lng bang makabenta khit sira maibigay nkakainis lng buy', 'request kay_seller blue_maroon dumating maroon ngmessage aq sbi ok taz hndi dn pla aq sna qng wlang ibang_kulay say kz umaasa kmi dun kulay nmin nkkadisappoint pg umoo seller', 'cute case cheap_price sira binigay seller alam maiinis ewan sayang ngbayad tama tpos gnto mkukuha khit maliit_halaga pinghirapan prin kitain sana wag_kau mg dayas buyer nio mging tapat kau']"
72,19,72_fan_low_battery_fans_portable,"['fan', 'low_battery', 'fans', 'portable', 'terrible', 'suot', 'working', 'pangrregalo', 'cheni', 'mgpalit']","['received_complete items sira fan magagamit charge malamang fan turn trash sana deliver item check_muna gumagana masayang bayad', 'okay product working nung pagkabukas package nakaclose box product medyo kinabahan baka nadamage product far_okay levels fan although mabilis malowbatt one level bilis fan packed well', 'get_pay mahina fan kita_video although gumagana man gumalaw buhok suot mas_ok handheld portable fan sana check seller quality item']"
73,18,73_mosquito_net_tent_bed_pillow,"['mosquito_net', 'tent', 'bed', 'pillow', 'baby_mosquito', 'net', 'baby', 'comforter', 'memory', 'malaki']","['maganda malaki mosquito_net manipis cotton bed picture nakapost seller', 'nice mosquito_net baby malaki medyo expected memory pillow kuno foam pillow memory milk bottle brush kala laruan subrang_liit naupload video', 'super_cute malaki mosquito_net baby']"
74,17,74_shop_qc_highly_murang_mura,"['shop', 'qc', 'highly', 'murang_mura', 'hub', 'bras', 'till_next', 'free_shipping', 'binigo', 'talaga']","['dumating boots nakabox good_job seller matangap tagal_shipping kasi nasa qc hub parcel within day next_day dadating parcel nasa qc hub umabot days', 'maganda tsinelas naka dalawang order naku shop_nato matagal_masira manawa pangbahay panlakad worth presyo love shop highly recomended bilis_shipping salamat_seller salamat_shopee free_shipping', 'best shop nd_order shop bait_seller accommodating tlgang shinip kagad nagfollow courier thank_seller da best till_next transaction im glad found_shop tnk shoppee_express buti naship']"
75,16,75_photochromic_lenses_baliktad_glass,"['photochromic', 'lenses', 'baliktad', 'glass', 'lens', 'lense', 'plastic', 'uv_light', 'glasses', 'eye']","['photo photochromic lens baliktad kabit', 'plastic lenses plastic photochromic plastic bending malabo yea worth_price youre looking maganda_quality go another shop im_sorry honest revieww thanks good', 'low_quality photochromic eye glass sobrang low_quality uulit store plastic ata glass baliktad pagka install']"
76,16,76_remote_power_button_facemask_remote_control,"['remote', 'power_button', 'facemask', 'remote_control', 'keys', 'malakas', 'kasamang', 'customer', 'ayaw_gumana', 'unit']","['mukang ok product akala remote wla naka_lagay feature remote', 'okay light thought remote keys kasi nasa_pic wala description keys saksakan remote pinadala nagwowork nireplace old remote adapter', 'remote functioning well sinabi kay_seller order daw facemask bigyan replacement remote nag_order binigay order id facemask pagkatanggap facemask kasamang remote tsk super boooooo scam']"
77,16,77_seller_box_check_item,"['seller', 'box', 'check', 'item', 'irresponsible', 'poh', 'item_received', 'responsible', 'sira_sira', 'double_check']","['item_good_condition received understood could courier seller must take_note least put carton bubble_wrap box light_stand naka_box mas protected light', 'seller recommended wala_man_bubble_wrap mismong box protect item buti_nlng gumana product ipangreregalo_sana sira_sira box seller responsible maayos wrap item basag bandang taas item never buy', 'wala daw defect item shinip wala kamong check nangyare ba ngang customer magsasayng panahong mag reach seller wala_talagang sira product inconsiderate seller never order']"
78,15,78_wire_cable_cord_neck_fan,"['wire', 'cable', 'cord', 'neck_fan', 'underwire', 'wires', 'fast_charging', 'remote', 'adaptor', 'usb']","['tried_yet cord binili bought two neck_fan cable cord well_packaged mabilis_dumating sayang need bumili cord', 'cable line cord neck_fan dlawang neck_fan order nagbigay tip shipper tpos pla item ok neck_fan gumana parehas', 'ok_sana testing umaandar ewan mag_charge wala_man cable wire nakalagay bibili cable wire box man maayos regalo man masaya']"
79,15,79_plastic_tape_sticker_ok_namn,"['plastic', 'tape', 'sticker', 'ok_namn', 'automatic', 'buo', 'panty', 'gaya', 'karereceived', 'pinagksaya']","['karereceived plastic eto agad box parang tinapaktapakan elepante buti buo item star sana maayos_packaging thank_kay seller buo order pwede magtry ulit_susunod baka maayos', 'nipis automatic umbrella hirap_buksan tigas gaya nabili manual mas manipis automatic prang plastic nlng cover mukhang mabilis_masira nilipad hangin stars lng mabilis_lng delivery packaging maayos', 'ok masydo maganda bagkabalot pati damit tape pilit pinagksaya plastic order nagupit ddalawa tanggal balot halos kalahati item tape nakabalo direct product']"
80,14,80_baligtad_nastock_shuta_cover,"['baligtad', 'nastock', 'shuta', 'cover', 'mabuksan', 'hinde', 'bukas', 'madaling', 'lowbut', 'tirik']","['baligtad lens ganun man check quality control parte salamin baligtad pagkakalagay hinde halata titingnan maigi baligtad paan mata useless talaga bili', 'maluwag cover madaling mabuksan ksi ganun ding klase mahigpit cover kpg bumagsak sarado protektado earbuds madaling_malowbat khit matagal charge man_umabot maghapon khit ginagamit nalolowbat poor_quality', 'kadiri okay_quality shuta bukas bukas nung payong tignan gano kalaki maco cover binuksan shuta baho inamoy masakit tyan amoy sobrang_nakaka suka shutangina amoy patay daga payong']"
81,14,81_eyeliner_tinta_eyebrow_mascara,"['eyeliner', 'tinta', 'eyebrow', 'mascara', 'maskara', 'eye_liner', 'eye', 'effecf', 'pinatigas', 'bi']","['ate bkt ibang_kulay maskara kulay brown_black eyeliner tinta', 'wrong product ordered eyebrow black mascara dumating eyeliner mascara wala parang tinta eyeliner', 'eyeliner maskara eyebrow order wala_pong eyeliner pcs dumating']"
82,14,82_haysss_hays_hayss_ee,"['haysss', 'hays', 'hayss', 'ee', 'bilis_malowbat', 'pashneya', 'gagoooooo', 'dahol', 'ampt', 'polo']","['okay_sana ayaw_gumana remote haysss', 'nareceived bilis_malowbat haysss sapat lng_presyo', 'gagoooooo ampt vanilla inorder ee dumatimg polo red mygod send kapa picture pinadala galing ee haysss']"
83,13,83_smart_tv_thank_seller_good_quality_nanalo,"['smart_tv', 'thank_seller', 'good_quality', 'nanalo', 'aqorder', 'aspect', 'matulongan', 'pagkakarating', 'nagdelever', 'nice_quality']","['thank_seller good_quality condition item thank_kay kuya nagdelever', 'thank_much_seller sobrang_bilis good_quality ganda tlga super_satisfied aqorder aq_ulit sana big discount thank thank_seller satisfied', 'thank_much_seller sobrang saya natangap smart_tv maraming_salamat kasi nanalo sana kayong matulongan love seller week using smart_tv say superb quality every aspect considering_price easy set']"
84,13,84_message_reply_chat_kac,"['message', 'reply', 'chat', 'kac', 'seller_responsive', 'response', 'online', 'ipapadala', 'accesories', 'resond']","['seller_responsive items nakailang message nako seller online sinasagot man binalikan wala_talagang reply star dpat ayaw shopee', 'poor_service pinadalang item wala_man lng message ipapadala message si_seller reply wag_kayong mag purchase store irresponsible customer', 'okay item nadisappoint kay_seller kac nagrerespond message regarding issue item right_side kac fan_nagana nagmessage_kay seller_regarding response_seller send automatic reply repeatedly']"
85,12,85_stocks_stock_parang_old_naruto,"['stocks', 'stock', 'parang_old', 'naruto', 'ninyo', 'medyas', 'faded', 'mn_lng', 'wla', 'old']","['great okay_sana mali_binigay stock imbes medium_large nilagay maliit waistline medyo_maluwag next_time make_sure stocks still available sakto order', 'lagi umoorder satisfied kasi lukot_lukot wipes parang matagal stock sana_next_time mas maayos ulit ipadalang stocks thabk seller', 'ok medyas maganda nadisappoint lng ksi wla mn_lng chat_seller wla lng stock ibang medyas basta lng nagbigay ibang_design sana mn_lng susunod magship magchat muna wla lng stocks']"
86,12,86_buttons_screw_phone_switch,"['buttons', 'screw', 'phone', 'switch', 'assemble', 'incomplete', 'parts', 'missing', 'adjuster', 'mahihina']","['nareceive agad currently testing mode working perfectly fine chinese_remote maintindihan buttons hope works intended', 'okay missing part dun pangkabit phone nhirapan akong assemble sadyang talaga parts working ringlight pwede_magamit phone handle wala adjuster sana kumpleto thanks', 'plug play medyo nakakatakot tanggalin cover filter kasi fragile nung plastic parang madali maputol lock overall_okay eng remote itest niyo buttons makabisado update effect changes ar gf']"
87,12,87_fast_delivery_speed_ksjdjs_auper,"['fast_delivery', 'speed', 'ksjdjs', 'auper', 'patu', 'colay', 'nindot', 'natetest', 'mpbs', 'veryyy']","['ganda_quality fast_delivery thank_seller', 'maganda items_complete nasunod colay far_good okay fast_delivery compare couriers', 'expect cap internet speed mpbs lng omg useless pagiging mabilis_nadeliver responsive_seller product disappointed']"
88,12,88_love_charot_love_much_really_love,"['love', 'charot', 'love_much', 'really_love', 'romance', 'amber', 'hugs', 'ooo', 'qualityi', 'duh']","['excellent qualityi love_much item presko sinuot love thank_much order', 'amazing superb love quality worth ur money quality qise love buy promise magsisisi', 'love fits regret buying planning_buy store sulit_sulit pera perfect length hugs body love']"
89,12,89_pair_wysiwyg_beh_vivo,"['pair', 'wysiwyg', 'beh', 'vivo', 'tumal', 'nakakainlove', 'sumonod', 'order', 'xl', 'nakulangan']","['xl order xl dumating tumal', 'tagal_dumating beh almost one_month halos dumating sumonod order', 'order vivo dumating oppo hnd type']"
90,12,90_secured_order_received_eyeliner_always,"['secured', 'order_received', 'eyeliner', 'always', 'order', 'iniinform', 'somuch', 'complte', 'binbigay', 'dumatong']","['thank_seller order_received maganda_quality secured dumatong bagay talaga bahay order oder', 'sure ilang order always complete_correct items binbigay seller secured always packaging medyo sad transaction punit jogger know ero oks sana_maulit sayang pambenta', 'omg thank_much finally received order immediately use received really excited_use also problem packaging well secured probably order']"
91,12,91_thank_ganda_ganda_personal_gnda,"['thank', 'ganda', 'ganda_personal', 'gnda', 'thanks', 'tama', 'good', '', '', '']","['thank ganda', 'thank ganda', 'thank ganda']"
92,11,92_bait_ngusruhan_gosto_yeheeyy,"['bait', 'ngusruhan', 'gosto', 'yeheeyy', 'iipon', 'grave', 'xs', 'thankz', 'shopeee', 'law']","['nice sira design thank maayos thanks delivery_rider apaka bait nextime seller ayusin nio', 'namn manipis xs malaki goods thank_seller_kay_kuya grave bait thank', 'yeheeyy thank_much_seller complete_items parin nakuha highly_recommended talaga itong shop thank kuya_rider bait talaga']"
93,11,93_electric_fan_kaloka_nahihirapang_simce,"['electric_fan', 'kaloka', 'nahihirapang', 'simce', 'panglawang', 'grabie', 'nasship', 'makaapekto', 'ayyy', 'attracted']","['manipis panglawang purchase_shop never disappoint expected manipis material simce momo hand wash tatagal product', 'quality zeus product quite_good however difference item nasship like bought product last_year since badly_needed item able return palitan missing part keyboard shown photo', 'good ok si_seller nagsend muna picture iship ok products electric_fan maliit lng_pla talaga super handy talagang pambata baby ok nama medyo_amoy electric_fan sana makaapekto health far goods thanks_seller']"
94,11,94_boxer_bench_brief_boxers,"['boxer', 'bench', 'brief', 'boxers', 'briefs', 'bench_body', 'shorts', 'panty', 'short', 'malimali']","['order bench puro bench dumating size mejo_maliit boxer briefs ok size', 'thank dumating ganda boxer shorts', 'dami order pcs bench brief boxer parehas kulay doble boxer short bench_body tsaka hm bench_body pinadala pare_parehas kulay anu star seller badtrip haha']"
95,11,95_picture_fix_gusot_buo,"['picture', 'fix', 'gusot', 'buo', 'sainyo', 'ml', 'ediwaw', 'pumsok', 'tusukin', 'lawa']","['oks ediwaw pic anlayo inorder reality sge tinda yan ehhh oks saken mura ehh', 'picture white white kala hnd puti dko type hnd maayos tahi lumabas tusukin pra pumsok loob', 'order dalawang ml recieve ml design transparent blue_purple eto dumating nakakasad naglalagay pagpipilian dn masusunod sana nag_message muna saken']"
96,10,96_cute_loved_palitam_paghatid,"['cute', 'loved', 'palitam', 'paghatid', 'olan', 'namnn', 'nakakahuha', 'mauubusan', 'cuteok', 'hanginan']","['good super cuteee malakas_fan feel madali_masira kasi nasa_labas fan cute appearance size pati led', 'really loved one medyo_maluwag garter pwede namang palitam sumakto fit bet bumili color', 'cute malaki person morning afternoon dika madali mauubusan tubig hahaha']"
97,10,97_expectation_pitong_reality_expectation_vs_reality,"['expectation', 'pitong', 'reality', 'expectation_vs_reality', 'nabura', 'gandaaaaaaa', 'langg', 'dlwang', 'grabeeeeeeeeeee', 'pating']","['bahala humusga eto expectation versus reality', 'dissapointed product plum order akala dark_color dumating pink ewan bumagay tapus akala matagal_mawala matanggal ibabad mins lips still nabura parin expectation_vs_reality', 'expectation_vs_reality ibalik excess pera pitong liters order pitong ml assorted_color order dumating dlwang color_design ayusin sana pagpapack icheck sana ipadala sayang_pera']"
98,10,98_salamat_seller_mejo_matagal_salamt_seller_tanong,"['salamat_seller', 'mejo_matagal', 'salamt_seller', 'tanong', 'swak', 'ngustohan', 'uultin', 'superkalan', 'signature', 'kelngan']","['got_parcel manipis_lng ok_lng salamat_seller_rider kilala mag delivery kelngan tanong tanong', 'okay namn mejo_matagal deliver wala anmn syang sira salamat_seller salamat_rider uultin', 'salamat_seller nakaorder nun nagaalangan baka kasya kalan swak swak lalu superkalan']"
99,10,99_asawa_kuya_rider_rider_suki,"['asawa', 'kuya_rider', 'rider', 'suki', 'ora', 'mabiis', 'twing', 'strech', 'sasunod', 'sempre']","['thank ganda worth order_ulit sasunod sempre thank asawa rider', 'complete_order maganda_tela saken sakto asawa strech nasuot asawa thank_seller kuya_rider', 'tnk suki nko dto store ora daughter twing pera_dto order undergarments slmat seller_shopee god_bless next_transaction']"
100,10,100_laptop_pere_shege_silicon,"['laptop', 'pere', 'shege', 'silicon', 'sabay', 'kapa', 'tatlong', 'table', 'pcs', 'bugos']","['ok akala made stainless steel made_plastic tsaka masyadong mauga table recommended gamitin lagayan inumin kasi prone matapunan laptop rest_ok', 'super_ganda product bagay item medyas pere shege petot sana alam si_seller ba courier responsible silicon bra pad nakalagay box yuping syaaa pere shege neleng tagal', 'attendant nagdala gamit damaged laptop instead handing us binitbit sabay sabay bag nabagsak bag nakalagay laptop aware laptop extra careful gamit guest']"
101,10,101_liters_liter_tubigan_ml,"['liters', 'liter', 'tubigan', 'ml', 'ipaparefund', 'ipapaship', 'kupoung', 'malikakainis', 'mapapansin', 'ali']","['good_quality maganda mukhang_matibay mali_pinadala si_seller liters kulay black_order dumating liter kulay_blue', 'nice mali_dumating order liters liter dumating mali sin kulay ok', 'wrong_item liters green order pinadala liter blue sayang need liters']"
